<?xml version = '1.0' encoding = 'UTF-8'?>
<Diagram class="oracle.dbtools.crest.swingui.logical.DPVLogical" name="Logical" id="50627C8B-F235-B98D-0E2B-30C5BB8FEFBB">
<createdBy>lilianatapia</createdBy>
<modifiedBy>lilianatapia</modifiedBy>
<createdTime>2024-08-25 01:31:48 UTC</createdTime>
<autoRoute>false</autoRoute>
<boxInbox>true</boxInbox>
<showLegend>false</showLegend>
<showLabels>true</showLabels>
<showRelAttributes>false</showRelAttributes>
<gridEnabled>false</gridEnabled>
<showGrid>false</showGrid>
<diagramColor>-1</diagramColor>
<display>false</display>
<notation>1</notation>
<objectViews>
<OView class="oracle.dbtools.crest.swingui.logical.TVEntity" oid="03F71BEB-5C92-6CAB-D8F9-94F6C0A72038" otype="Entity" vid="4CF96EE1-0D91-C693-E400-5EF04D51EC8B">
<hideElementsInCurrentOnly>false</hideElementsInCurrentOnly>
<bounds x="558" y="149" width="159" height="132"/>
</OView>
<OView class="oracle.dbtools.crest.swingui.logical.TVEntity" oid="166DFD38-50E7-31EA-4A17-BBCF63AB4F8E" otype="Entity" vid="0990B0E3-11E8-5B9C-3931-0A72035D6081">
<hideElementsInCurrentOnly>false</hideElementsInCurrentOnly>
<bounds x="1030" y="149" width="176" height="123"/>
</OView>
<OView class="oracle.dbtools.crest.swingui.logical.TVEntity" oid="E3596BC3-5603-4622-C758-754F7A295DE4" otype="Entity" vid="7D886D4C-BA47-A67C-BB5C-4FF6E212819D">
<hideElementsInCurrentOnly>false</hideElementsInCurrentOnly>
<bounds x="84" y="147" width="159" height="137"/>
</OView>
</objectViews>
<connectors>
<Connector class="oracle.dbtools.crest.swingui.logical.TVRelation" oid="8CE38806-216B-D1F8-FAFD-1D7F1498966D" otype="Relation" vid_source="4CF96EE1-0D91-C693-E400-5EF04D51EC8B" vid_target="0990B0E3-11E8-5B9C-3931-0A72035D6081">
<hideElementsInCurrentOnly>false</hideElementsInCurrentOnly>
<backgroundColor>-16777216</backgroundColor>
<lineWidth>1</lineWidth>
<sourceLabel class="oracle.dbtools.crest.model.design.Label">
<site>0</site>
<labelBounds x="727" y="180" width="40" height="30"/>
<noBackgroundColor>true</noBackgroundColor>
<noForegroundColor>true</noForegroundColor>
</sourceLabel>
<targetLabel class="oracle.dbtools.crest.model.design.Label">
<site>2</site>
<labelBounds x="960" y="213" width="64" height="30"/>
<noBackgroundColor>true</noBackgroundColor>
<noForegroundColor>true</noForegroundColor>
</targetLabel>
<points>
<point x="717" y="210"/>
<point x="1030" y="210"/>
</points>
</Connector>
<Connector class="oracle.dbtools.crest.swingui.logical.TVRelation" oid="EE7B2D36-B5AB-B0D3-6746-E2EC56745DE2" otype="Relation" vid_source="7D886D4C-BA47-A67C-BB5C-4FF6E212819D" vid_target="4CF96EE1-0D91-C693-E400-5EF04D51EC8B">
<hideElementsInCurrentOnly>false</hideElementsInCurrentOnly>
<backgroundColor>-16777216</backgroundColor>
<lineWidth>1</lineWidth>
<sourceLabel class="oracle.dbtools.crest.model.design.Label">
<site>0</site>
<labelBounds x="253" y="185" width="43" height="30"/>
<noBackgroundColor>true</noBackgroundColor>
<noForegroundColor>true</noForegroundColor>
</sourceLabel>
<targetLabel class="oracle.dbtools.crest.model.design.Label">
<site>2</site>
<labelBounds x="500" y="218" width="52" height="30"/>
<noBackgroundColor>true</noBackgroundColor>
<noForegroundColor>true</noForegroundColor>
</targetLabel>
<points>
<point x="243" y="215"/>
<point x="558" y="215"/>
</points>
</Connector>
</connectors>
</Diagram>