<?xml version = '1.0' encoding = 'UTF-8'?>
<Entity class="oracle.dbtools.crest.model.design.logical.Entity" directorySegmentName="seg_0" id="03F71BEB-5C92-6CAB-D8F9-94F6C0A72038" name="ARBOL">
<createdBy>lilianatapia</createdBy>
<createdTime>2024-08-25 01:33:38 UTC</createdTime>
<ownerDesignName>Exp1_S3_Liliana_Tapia</ownerDesignName>
<engineerTo>
<item key="4C8CA01F-468E-D221-5805-8FFB78D8961B" value="true"/>
</engineerTo>
<adequatelyNormalized>NO</adequatelyNormalized>
<expectedVolumes>0</expectedVolumes>
<fwdEngineeringStrategyName>Single Table</fwdEngineeringStrategyName>
<growthPercent>0</growthPercent>
<growthType>Year</growthType>
<maxVolumes>9999999</maxVolumes>
<minVolumes>0</minVolumes>
<normalForm>Third</normalForm>
<attributes itemClass="oracle.dbtools.crest.model.design.logical.Attribute">
<Attribute name="id_arbol" id="47DAF4B7-817D-42AA-B692-4160F7DD7EF9">
<createdBy>lilianatapia</createdBy>
<createdTime>2024-08-25 01:41:55 UTC</createdTime>
<ownerDesignName>Exp1_S3_Liliana_Tapia</ownerDesignName>
<engineerTo>
<item key="4C8CA01F-468E-D221-5805-8FFB78D8961B" value="true"/>
</engineerTo>
<useDomainConstraints>false</useDomainConstraints>
<use>1</use>
<logicalDatatype>LOGDT011</logicalDatatype>
<ownDataTypeParameters>,,</ownDataTypeParameters>
</Attribute>
<Attribute name="anio_plantado" id="F5E6C93F-6336-A953-FF2C-5C9556C0256B">
<createdBy>lilianatapia</createdBy>
<createdTime>2024-08-25 01:42:10 UTC</createdTime>
<ownerDesignName>Exp1_S3_Liliana_Tapia</ownerDesignName>
<engineerTo>
<item key="4C8CA01F-468E-D221-5805-8FFB78D8961B" value="true"/>
</engineerTo>
<useDomainConstraints>false</useDomainConstraints>
<use>1</use>
<logicalDatatype>LOGDT007</logicalDatatype>
<ownDataTypeParameters>,,</ownDataTypeParameters>
</Attribute>
<Attribute name="anio_muerte" id="0C9AFD88-E943-4ECD-B274-2B842B8C4F9A">
<createdBy>lilianatapia</createdBy>
<createdTime>2024-08-25 01:43:01 UTC</createdTime>
<ownerDesignName>Exp1_S3_Liliana_Tapia</ownerDesignName>
<engineerTo>
<item key="4C8CA01F-468E-D221-5805-8FFB78D8961B" value="true"/>
</engineerTo>
<useDomainConstraints>false</useDomainConstraints>
<use>1</use>
<logicalDatatype>LOGDT007</logicalDatatype>
<ownDataTypeParameters>,,</ownDataTypeParameters>
</Attribute>
<Attribute name="especie" id="A1700159-FAFD-B8B6-7C92-4D388661FAE9">
<createdBy>lilianatapia</createdBy>
<createdTime>2024-08-25 01:43:12 UTC</createdTime>
<ownerDesignName>Exp1_S3_Liliana_Tapia</ownerDesignName>
<engineerTo>
<item key="4C8CA01F-468E-D221-5805-8FFB78D8961B" value="true"/>
</engineerTo>
<useDomainConstraints>false</useDomainConstraints>
<use>1</use>
<logicalDatatype>LOGDT024</logicalDatatype>
<dataTypeSize>20 BYTE</dataTypeSize>
<ownDataTypeParameters>20 BYTE,,</ownDataTypeParameters>
</Attribute>
<Attribute name="variedad" id="8684ACEA-0792-64C9-7374-221C216A0603">
<createdBy>lilianatapia</createdBy>
<createdTime>2024-08-25 01:43:28 UTC</createdTime>
<ownerDesignName>Exp1_S3_Liliana_Tapia</ownerDesignName>
<engineerTo>
<item key="4C8CA01F-468E-D221-5805-8FFB78D8961B" value="true"/>
</engineerTo>
<useDomainConstraints>false</useDomainConstraints>
<use>1</use>
<logicalDatatype>LOGDT024</logicalDatatype>
<dataTypeSize>20 BYTE</dataTypeSize>
<ownDataTypeParameters>20 BYTE,,</ownDataTypeParameters>
</Attribute>
<Attribute name="id_huerto" id="1CE9B173-7B64-BD20-110D-E3E4DB79C9CC">
<createdBy>lilianatapia</createdBy>
<createdTime>2024-08-25 01:47:36 UTC</createdTime>
<generatorID>EE7B2D36-B5AB-B0D3-6746-E2EC56745DE2</generatorID>
<ownerDesignName>Exp1_S3_Liliana_Tapia</ownerDesignName>
<engineerTo>
<item key="4C8CA01F-468E-D221-5805-8FFB78D8961B" value="true"/>
</engineerTo>
<referedAttribute>1AB10DFC-1CEE-1CFE-E386-06C0425499D1</referedAttribute>
<useDomainConstraints>false</useDomainConstraints>
<use>1</use>
<logicalDatatype>LOGDT011</logicalDatatype>
<ownDataTypeParameters>,,</ownDataTypeParameters>
</Attribute>
</attributes>
<identifiers itemClass="oracle.dbtools.crest.model.design.logical.CandidateKey">
<identifier id="BC513D0C-01FE-56EE-B872-594E8AD24408" name="ARBOL PK">
<createdBy>lilianatapia</createdBy>
<createdTime>2024-08-25 01:42:07 UTC</createdTime>
<ownerDesignName>Exp1_S3_Liliana_Tapia</ownerDesignName>
<engineerTo>
<item key="4C8CA01F-468E-D221-5805-8FFB78D8961B" value="true"/>
</engineerTo>
<pk>true</pk>
<usedAttributes>
<attributeRef>47DAF4B7-817D-42AA-B692-4160F7DD7EF9</attributeRef>
</usedAttributes>
</identifier>
</identifiers>
</Entity>