<?xml version = '1.0' encoding = 'UTF-8'?>
<Entity class="oracle.dbtools.crest.model.design.logical.Entity" directorySegmentName="seg_0" id="166DFD38-50E7-31EA-4A17-BBCF63AB4F8E" name="INJERTO">
<createdBy>lilianatapia</createdBy>
<createdTime>2024-08-25 01:44:00 UTC</createdTime>
<ownerDesignName>Exp1_S3_Liliana_Tapia</ownerDesignName>
<engineerTo>
<item key="4C8CA01F-468E-D221-5805-8FFB78D8961B" value="true"/>
</engineerTo>
<adequatelyNormalized>NO</adequatelyNormalized>
<expectedVolumes>0</expectedVolumes>
<fwdEngineeringStrategyName>Single Table</fwdEngineeringStrategyName>
<growthPercent>0</growthPercent>
<growthType>Year</growthType>
<maxVolumes>9999999</maxVolumes>
<minVolumes>0</minVolumes>
<normalForm>Third</normalForm>
<attributes itemClass="oracle.dbtools.crest.model.design.logical.Attribute">
<Attribute name="id_injerto" id="8701C5C1-62EE-E8FA-D789-361AB50C8977">
<createdBy>lilianatapia</createdBy>
<createdTime>2024-08-25 01:44:11 UTC</createdTime>
<ownerDesignName>Exp1_S3_Liliana_Tapia</ownerDesignName>
<engineerTo>
<item key="4C8CA01F-468E-D221-5805-8FFB78D8961B" value="true"/>
</engineerTo>
<useDomainConstraints>false</useDomainConstraints>
<use>1</use>
<logicalDatatype>LOGDT011</logicalDatatype>
<ownDataTypeParameters>,,</ownDataTypeParameters>
</Attribute>
<Attribute name="especie_injerto" id="AF7BC63E-6206-F47D-D510-0AE1F363D8FF">
<createdBy>lilianatapia</createdBy>
<createdTime>2024-08-25 01:44:40 UTC</createdTime>
<ownerDesignName>Exp1_S3_Liliana_Tapia</ownerDesignName>
<engineerTo>
<item key="4C8CA01F-468E-D221-5805-8FFB78D8961B" value="true"/>
</engineerTo>
<useDomainConstraints>false</useDomainConstraints>
<use>1</use>
<logicalDatatype>LOGDT024</logicalDatatype>
<dataTypeSize>20 BYTE</dataTypeSize>
<ownDataTypeParameters>20 BYTE,,</ownDataTypeParameters>
</Attribute>
<Attribute name="variedad_injerto" id="D7AADD1B-96A9-9B7A-CB44-C71D5F9C1A9A">
<createdBy>lilianatapia</createdBy>
<createdTime>2024-08-25 01:45:17 UTC</createdTime>
<ownerDesignName>Exp1_S3_Liliana_Tapia</ownerDesignName>
<engineerTo>
<item key="4C8CA01F-468E-D221-5805-8FFB78D8961B" value="true"/>
</engineerTo>
<useDomainConstraints>false</useDomainConstraints>
<use>1</use>
<logicalDatatype>LOGDT024</logicalDatatype>
<dataTypeSize>20 BYTE</dataTypeSize>
<ownDataTypeParameters>20 BYTE,,</ownDataTypeParameters>
</Attribute>
<Attribute name="id_arbol" id="5A8C1B16-7027-0B48-27C4-E1271482D125">
<createdBy>lilianatapia</createdBy>
<createdTime>2024-08-25 02:52:43 UTC</createdTime>
<generatorID>8CE38806-216B-D1F8-FAFD-1D7F1498966D</generatorID>
<ownerDesignName>Exp1_S3_Liliana_Tapia</ownerDesignName>
<engineerTo>
<item key="4C8CA01F-468E-D221-5805-8FFB78D8961B" value="true"/>
</engineerTo>
<referedAttribute>47DAF4B7-817D-42AA-B692-4160F7DD7EF9</referedAttribute>
<useDomainConstraints>false</useDomainConstraints>
<use>1</use>
<logicalDatatype>LOGDT011</logicalDatatype>
<ownDataTypeParameters>,,</ownDataTypeParameters>
</Attribute>
</attributes>
<identifiers itemClass="oracle.dbtools.crest.model.design.logical.CandidateKey">
<identifier id="DEDD9AF9-B7FF-579B-D148-F0A537B6D20F" name="INJERTO PK">
<createdBy>lilianatapia</createdBy>
<createdTime>2024-08-25 01:44:38 UTC</createdTime>
<ownerDesignName>Exp1_S3_Liliana_Tapia</ownerDesignName>
<engineerTo>
<item key="4C8CA01F-468E-D221-5805-8FFB78D8961B" value="true"/>
</engineerTo>
<pk>true</pk>
<usedAttributes>
<attributeRef>8701C5C1-62EE-E8FA-D789-361AB50C8977</attributeRef>
<attributeRef>5A8C1B16-7027-0B48-27C4-E1271482D125</attributeRef>
</usedAttributes>
</identifier>
</identifiers>
</Entity>