<?xml version = '1.0' encoding = 'UTF-8'?>
<Entity class="oracle.dbtools.crest.model.design.logical.Entity" directorySegmentName="seg_0" id="E3596BC3-5603-4622-C758-754F7A295DE4" name="HUERTO">
<createdBy>lilianatapia</createdBy>
<createdTime>2024-08-25 01:31:48 UTC</createdTime>
<ownerDesignName>Exp1_S3_Liliana_Tapia</ownerDesignName>
<engineerTo>
<item key="4C8CA01F-468E-D221-5805-8FFB78D8961B" value="true"/>
</engineerTo>
<adequatelyNormalized>NO</adequatelyNormalized>
<expectedVolumes>0</expectedVolumes>
<fwdEngineeringStrategyName>Single Table</fwdEngineeringStrategyName>
<growthPercent>0</growthPercent>
<growthType>Year</growthType>
<maxVolumes>9999999</maxVolumes>
<minVolumes>0</minVolumes>
<normalForm>Third</normalForm>
<attributes itemClass="oracle.dbtools.crest.model.design.logical.Attribute">
<Attribute name="id_huerto" id="1AB10DFC-1CEE-1CFE-E386-06C0425499D1">
<createdBy>lilianatapia</createdBy>
<createdTime>2024-08-25 01:31:57 UTC</createdTime>
<ownerDesignName>Exp1_S3_Liliana_Tapia</ownerDesignName>
<engineerTo>
<item key="4C8CA01F-468E-D221-5805-8FFB78D8961B" value="true"/>
</engineerTo>
<useDomainConstraints>false</useDomainConstraints>
<use>1</use>
<logicalDatatype>LOGDT011</logicalDatatype>
<ownDataTypeParameters>,,</ownDataTypeParameters>
</Attribute>
<Attribute name="nombre_huerto" id="EE8183D2-E591-FA7E-711B-2D02E6002699">
<createdBy>lilianatapia</createdBy>
<createdTime>2024-08-25 01:32:15 UTC</createdTime>
<ownerDesignName>Exp1_S3_Liliana_Tapia</ownerDesignName>
<engineerTo>
<item key="4C8CA01F-468E-D221-5805-8FFB78D8961B" value="true"/>
</engineerTo>
<useDomainConstraints>false</useDomainConstraints>
<use>1</use>
<logicalDatatype>LOGDT024</logicalDatatype>
<dataTypeSize>20 BYTE</dataTypeSize>
<ownDataTypeParameters>20 BYTE,,</ownDataTypeParameters>
</Attribute>
<Attribute name="area" id="876731F0-019E-7BB9-981E-E85D33D845FD">
<createdBy>lilianatapia</createdBy>
<createdTime>2024-08-25 01:32:53 UTC</createdTime>
<ownerDesignName>Exp1_S3_Liliana_Tapia</ownerDesignName>
<engineerTo>
<item key="4C8CA01F-468E-D221-5805-8FFB78D8961B" value="true"/>
</engineerTo>
<useDomainConstraints>false</useDomainConstraints>
<use>1</use>
<logicalDatatype>LOGDT019</logicalDatatype>
<dataTypePrecision>10</dataTypePrecision>
<dataTypeScale>5</dataTypeScale>
<ownDataTypeParameters>,10,5</ownDataTypeParameters>
</Attribute>
</attributes>
<identifiers itemClass="oracle.dbtools.crest.model.design.logical.CandidateKey">
<identifier id="199E636E-B2E4-C316-8349-81C9AC89FB14" name="HUERTO PK">
<createdBy>lilianatapia</createdBy>
<createdTime>2024-08-25 01:32:09 UTC</createdTime>
<ownerDesignName>Exp1_S3_Liliana_Tapia</ownerDesignName>
<engineerTo>
<item key="4C8CA01F-468E-D221-5805-8FFB78D8961B" value="true"/>
</engineerTo>
<pk>true</pk>
<usedAttributes>
<attributeRef>1AB10DFC-1CEE-1CFE-E386-06C0425499D1</attributeRef>
</usedAttributes>
</identifier>
</identifiers>
</Entity>