<?xml version = '1.0' encoding = 'UTF-8'?>
<Relation class="oracle.dbtools.crest.model.design.logical.Relation" name="Relation_4" directorySegmentName="seg_0" id="8CE38806-216B-D1F8-FAFD-1D7F1498966D">
<createdBy>lilianatapia</createdBy>
<createdTime>2024-08-25 02:52:43 UTC</createdTime>
<ownerDesignName>Exp1_S3_Liliana_Tapia</ownerDesignName>
<engineerTo>
<item key="4C8CA01F-468E-D221-5805-8FFB78D8961B" value="true"/>
</engineerTo>
<sourcePk>BC513D0C-01FE-56EE-B872-594E8AD24408</sourcePk>
<identifying>true</identifying>
<nameOnSource>tiene</nameOnSource>
<nameOnTarget>pertenece</nameOnTarget>
<optionalSource>true</optionalSource>
<optionalTarget>false</optionalTarget>
<sourceCardinality>1</sourceCardinality>
<sourceEntity>03F71BEB-5C92-6CAB-D8F9-94F6C0A72038</sourceEntity>
<targetCardinalityString>*</targetCardinalityString>
<targetEntity>166DFD38-50E7-31EA-4A17-BBCF63AB4F8E</targetEntity>
<transferable>true</transferable>
<deleteRule>NO ACTION</deleteRule>
</Relation>