<?xml version = '1.0' encoding = 'UTF-8'?>
<Relation class="oracle.dbtools.crest.model.design.logical.Relation" name="Relation_1" directorySegmentName="seg_0" id="EE7B2D36-B5AB-B0D3-6746-E2EC56745DE2">
<createdBy>lilianatapia</createdBy>
<createdTime>2024-08-25 01:47:36 UTC</createdTime>
<ownerDesignName>Exp1_S3_Liliana_Tapia</ownerDesignName>
<engineerTo>
<item key="4C8CA01F-468E-D221-5805-8FFB78D8961B" value="true"/>
</engineerTo>
<sourcePk>199E636E-B2E4-C316-8349-81C9AC89FB14</sourcePk>
<identifying>false</identifying>
<nameOnSource>tiene </nameOnSource>
<nameOnTarget>pertenecen</nameOnTarget>
<optionalSource>false</optionalSource>
<optionalTarget>false</optionalTarget>
<sourceCardinality>1</sourceCardinality>
<sourceEntity>E3596BC3-5603-4622-C758-754F7A295DE4</sourceEntity>
<targetCardinalityString>*</targetCardinalityString>
<targetEntity>03F71BEB-5C92-6CAB-D8F9-94F6C0A72038</targetEntity>
<transferable>true</transferable>
<deleteRule>NO ACTION</deleteRule>
</Relation>