<?xml version = '1.0' encoding = 'UTF-8'?>
<relationalModel class="oracle.dbtools.crest.model.design.relational.RelationalDesign" name="Relational_1" id="4C8CA01F-468E-D221-5805-8FFB78D8961B" mainViewID="A8C72B16-FFEA-557B-95CF-C9F3ED5445C2">
<createdBy>lilianatapia</createdBy>
<createdTime>2024-08-25 01:30:39 UTC</createdTime>
<ownerDesignName>Exp1_S3_Liliana_Tapia</ownerDesignName>
<shouldBeOpen>false</shouldBeOpen>
<selectedRDBMSSite>32076570-2523-435C-2E92-BF29817DFF70</selectedRDBMSSite>
</relationalModel>